Full Address,Marker Label,Building Code,Filter,Site,Building,Address,Postcode,Service Directorate,Department,TENURE,TERM START,LEASE EXPIRY DATE,1954 ACT SECURITY,NOTICE PERIOD,TERM REMAINING (Yrs),GIA m2 Total,GIA m2 Clinical,GIA m2 Non Clinical,GIA m2 Void,Land Area (ha)
275 Bancroft Road, E1 4DG, UK,Mile End Hospital - Tower Hamlets Centre for Mental Health  (2241b),2241b,Tower Hamlets,Mile End Hospital,Tower Hamlets Centre for Mental Health ,275 Bancroft Road,E1 4DG,Tower Hamlets MH,Older Adults Inpatient Wards,LEASEHOLD,2009-03-31 00:00:00,2108-03-30 00:00:00,Yes,6 Months,84,5630.0,5511.0,119.0,0.0,0.563
275 Bancroft Road, E1 4DG, UK,Mile End Hospital - Mile End Hospital (2242c),2242c,Tower Hamlets,Mile End Hospital,Mile End Hospital,275 Bancroft Road,E1 4DG,TH MH/TH CHS/Corporate/Estates/Pharmacy,Inpatient Facility/E&F/Pharmacy/TH Crisis/Healthroster,NO LEASE - PERIODIC UNDOCUMENTED TENANCY ,2006-04-13 00:00:00,no lease in place ,No,6 Months,90,124.18,,,0.0,0.012418
275 Bancroft Road, E1 4DG, UK,Mile End Hospital - Mile End Hospital (2241a),2241a,Tower Hamlets,Mile End Hospital,Mile End Hospital,275 Bancroft Road,E1 4DG,Tower Hamlets MH,Inpatient Facility ,NO LEASE - PERIODIC UNDOCUMENTED TENANCY ,2009-03-31 00:00:00,no lease in place ,No,6 Months,,540.0,531.0,9.0,0.0,0.054
275 Bancroft Road, E1 4DG, UK,Mile End Hospital - Mile End Hospital (2242a),2242a,Tower Hamlets,Mile End Hospital,Mile End Hospital,275 Bancroft Road,E1 4DG,Tower Hamlets MH,Perinatal Team,LEASEHOLD ,2023-04-01 00:00:00,2026-03-31 00:00:00,No,6 Months,2,126.31,0.0,126.0,0.0,0.012631
276 Bancroft Road, E1 4DG, UK,Mile End Hospital - Mile End Hospital (3001),3001,Tower Hamlets,Mile End Hospital,Mile End Hospital,276 Bancroft Road,E1 4DG,Tower Hamlets MH  / Corporate ,Office, OPD, MTT,Psych, Comm PD, 
CIS, E&F, Eating Disorders,NO LEASE - PERIODIC UNDOCUMENTED TENANCY ,2009-03-31 00:00:00,no lease in place ,No,6 Months,3,2050.52,,,0.0,0.205052
275 Bancroft Road, E1 4DG, UK,Mile End Hospital - Beaumont House (2116),2116,Tower Hamlets,Mile End Hospital,Beaumont House,275 Bancroft Road,E1 4DG,Corporate/TH Mental Health,Infection Control (IPC) / 111 Crisis Line Merger TH,UNDER LEASE PLUS AGREEMENT (ULPA),2024-02-01 00:00:00,2029,No,6 Months,5,150.0,,,0.0,0.015
275 Bancroft Road, E1 4DG, UK,Mile End Hospital - Beaumont House (2116),2116,Tower Hamlets,Mile End Hospital,Beaumont House,275 Bancroft Road,E1 4DG,Forensics,LD / ASD Community Forensic Team,UNDER LEASE PLUS AGREEMENT (ULPA),2023-10-09 00:00:00,2028-10-09 00:00:00,No,6 Months,4,736.0,,,0.0,0.0736
275 Bancroft Road, E1 4DG, UK,Mile End Hospital - Beaumont House (2116),2116,Tower Hamlets,Mile End Hospital,Beaumont House,275 Bancroft Road,E1 4DG,Tower Hamlets MH,Learning Disability Team / LD&A Intensive Support Team ,UNDER LEASE PLUS AGREEMENT (ULPA),2018-10-12 00:00:00,2031-03-23 00:00:00,No,6 Months,7,615.0,,,0.0,0.0615
275 Bancroft Road, E1 4DG, UK,Mile End Hospital - Beaumont House (2116),2116,Tower Hamlets,Mile End Hospital,Beaumont House,275 Bancroft Road,E1 4DG,TH CHS,Extended Primary Care Teams x 2, Continuing Healthcare Service, Urgent Community Response and Intermediate Care Service, Directorate Management,UNDER LEASE PLUS AGREEMENT (ULPA),2018-10-12 00:00:00,2031-03-24 00:00:00,No,6 Months,7,637.68,,,0.0,0.06376799999999999
275 Bancroft Road, E1 4DG, UK,Mile End Hospital - Mile End Hospital (2242b),2242b,Tower Hamlets,Mile End Hospital,Mile End Hospital,275 Bancroft Road,E1 4DG,Pharmacy,ELFT Pharmacy ,NO LEASE - PERIODIC UNDOCUMENTED TENANCY ,2009-03-31 00:00:00,no lease in place ,No,,,783.0,,,0.0,0.0783
Philpot St, London E1 2DR, E1 2DR, UK,John Harrison House (Royal London Hospital) - Philpot St, London E1 2DR (2263),2263,Tower Hamlets,John Harrison House (Royal London Hospital),Philpot St, London E1 2DR,Philpot St, London E1 2DR,E1 2DR,TH Mental Health,Crisis Line,NO LEASE - PERIODIC UNDOCUMENTED TENANCY ,2024-01-12 00:00:00,no lease in place ,No,Any time,,15.0,0.0,15.0,0.0,0.0015
Whitechapel Rd, London E1 1FR, E1 1FR, UK,Royal London Hospital - Royal London Hospital (Outpatients Department) (nan),,Tower Hamlets,Royal London Hospital,Royal London Hospital (Outpatients Department),Whitechapel Rd, London E1 1FR,E1 1FR,TH Mental Health,Crisis Line,NO LEASE - PERIODIC UNDOCUMENTED TENANCY ,,no lease in place ,No,Any time,,12.0,0.0,12.0,0.0,0.0012
68 Glasshouse Fields , E1W 3AB, UK,Glasshouse Fields  - Glasshouse Fields (2117),2117,Tower Hamlets,Glasshouse Fields ,Glasshouse Fields,68 Glasshouse Fields ,E1W 3AB,Tower Hamlets MH,Stepney and Wapping Neighbourhood Mental Health Team,LEASEHOLD,2010-10-18 00:00:00,2135-10-17 00:00:00,No,,111,470.0,451.0,19.0,0.0,0.047
121 Westferry Road , E14 8JH, UK,Barkantine Centre  - Barkantine Centre  (2119),2119,Tower Hamlets,Barkantine Centre ,Barkantine Centre ,121 Westferry Road ,E14 8JH,TH Mental Health,Neighbourhood Mental Health Team,UNDER LEASE PLUS AGREEMENT (ULPA),2018-02-27 00:00:00,27th Nov 2032,No,3 months notice,8,1165.42,1141.0,24.0,0.0,0.116542
21 Newby Place , E14 0EY, UK,Newby Place - Newby Place Health and Wellbeing Centre (2118),2118,Tower Hamlets,Newby Place,Newby Place Health and Wellbeing Centre,21 Newby Place ,E14 0EY,TH CHS,Foot Health (1 Room), Extended Primary Care Teams x 2 / Accelerate CIC ,UNDER LEASE PLUS AGREEMENT (ULPA),2019-02-01 00:00:00,4th May 2037,No,3 months notice,13,135.0,31.85,103.15,0.0,0.0135
160 Whitechapel Road, London , E1 1BJ , UK,Tower Hamlets Town Hall - 160 Whitechapel Road  (2258),2258,Tower Hamlets,Tower Hamlets Town Hall,160 Whitechapel Road ,160 Whitechapel Road, London ,E1 1BJ ,Tower Hamlets MH,TH Crisis Liaison,LEASEHOLD,2023-03-28 00:00:00,2026-05-23 00:00:00,No,,2,287.0,0.0,0.0,0.0,0.0287
1 Roger Dowley Court, E2 9NJ, UK,The Green  - The Green  (2120),2120,Tower Hamlets,The Green ,The Green ,1 Roger Dowley Court,E2 9NJ,IT/IMT/Mental Health ACT Office,IT Service Desk / Networks Team,LEASEHOLD,1993-06-24 00:00:00,2092-06-23 00:00:00,Yes,None specified,68,1923.0,0.0,1923.0,0.0,0.1923
11 Gill Street, E14 8HQ, UK,Emmanuel Miller Centre (Gill St Health Centre) - Emmanuel Miller Centre (Gill St Health Centre) (2206),2206,Tower Hamlets,Emmanuel Miller Centre (Gill St Health Centre),Emmanuel Miller Centre (Gill St Health Centre),11 Gill Street,E14 8HQ,Children and Specialist Services,CAMHS,NO LEASE - PERIODIC UNDOCUMENTED TENANCY ,Lease not agreed yet,Implied Deemed Agreement,No,3 months notice,,263.73,202.29,101.13,0.0,0.026373
86 Old Montague St, E1 5NN, UK,Old Montague St - Old Montague St (2121),2121,Tower Hamlets,Old Montague St,Old Montague St,86 Old Montague St,E1 5NN,TH Mental Health,Rehab, Clozapine, Therapy Club; AOS, RAMHP ,LEASEHOLD,2006-06-24 00:00:00,3005-06-23 00:00:00,Yes,None specified,981,1247.0,1123.0,124.0,0.0,0.1247
16-18 Greatorex St , E1 5NF, UK,Greatorex St - Greatorex St  (2122),2122,Tower Hamlets,Greatorex St,Greatorex St ,16-18 Greatorex St ,E1 5NF,Children and Specialist Services,CAMHS,LEASEHOLD,2006-06-24 00:00:00,3005-06-23 00:00:00,Yes,None specified,981,440.0,420.0,20.0,0.0,0.044
51 Three Colts Lane, E2 6BF, UK,Three Colts Lane  - Three Colts Lane (2123),2123,Tower Hamlets,Three Colts Lane ,Three Colts Lane,51 Three Colts Lane,E2 6BF,TH Mental Health,Tower Hamlets Early Intervention Service and Early Detection Service. CMHT, EIS, EDS - Adult Mental Health Service,LEASEHOLD,2011-07-01 00:00:00, 30 June 2210,Yes,None specified,186,1168.0,1092.0,76.0,0.0,0.1168
9-11 Brick Lane, Spitalfields, E1 6PU , UK,Health E1  - Health E1  (2245),2245,Tower Hamlets,Health E1 ,Health E1 ,9-11 Brick Lane, Spitalfields,E1 6PU ,Primary Care / IG ,GP Practice / Information Governance,NO LEASE - PERIODIC UNDOCUMENTED TENANCY ,,,No,,,354.5,,,0.0,0.03545
71 Johnson Street, E1 0AQ, UK,71 Johnson Street  - 71 Johnson Street  (2240),2240,Tower Hamlets,71 Johnson Street ,71 Johnson Street ,71 Johnson Street,E1 0AQ,Children and Specialist Services,IAPT,LEASEHOLD,2018-12-21 00:00:00,2025-12-20 00:00:00,Yes,3 months notice,1,124.0,,,0.0,0.0124
60 Florida St, E2 6LL, UK,Bethnal Green Health Centre  - Bethnal Green Health Centre  (2237),2237,Tower Hamlets,Bethnal Green Health Centre ,Bethnal Green Health Centre ,60 Florida St,E2 6LL,TH CHS / Accelerate,Foot Health (1 Room). Accelerate CIC (1 Room) for Leg Ulcer Clinics,LEASEHOLD,2019-03-31 00:00:00,2029-03-31 00:00:00,No,3 months notice,5,229.41,0.0,0.0,0.0,0.022941
Homerton Row , E9 6SR, UK,City & Hackney Centre For Mental Health - City & Hackney Centre for Mental Health  (2124),2124,City & Hackney,City & Hackney Centre For Mental Health,City & Hackney Centre for Mental Health ,Homerton Row ,E9 6SR,City & Hackney MH,Inpatient Unit,NO LEASE - PERIODIC UNDOCUMENTED TENANCY ,1995-10-01 00:00:00,2094-09-30 00:00:00,No,,70,9338.0,8300.0,1038.0,0.0,0.9338
Coate Street, E2 9AG, UK,Donald Winnicott Centre - Donald Winnicott (2125),2125,City & Hackney,Donald Winnicott Centre,Donald Winnicott,Coate Street,E2 9AG,City & Hackney MH,EQUIP/ South Hackney Recovery Team,FREEHOLD,ELFT,ELFT,,,ELFT,1015.0,974.0,41.0,0.0,0.1015
2 Crozier Terrace , E9 6AT, UK,Cedar Lodge, 2 Crozier Terrace, London, E9 6AT - Cedar Lodge (2250),2250,City & Hackney,Cedar Lodge, 2 Crozier Terrace, London, E9 6AT,Cedar Lodge,2 Crozier Terrace ,E9 6AT,City & Hackney MH,Specialist Psychotherapy Service/MBT Outreach/North Hackney Recovery Team/Neighbourhood Teams/Ocean (Maternal Mental Health Service) ,FREEHOLD,ELFT,ELFT,,,ELFT,2363.0,2169.0,120.0,0.0,0.2363
23 Primrose Square, E9 7TS , UK,Primrose Centre  - Primrose  (2127),2127,City & Hackney,Primrose Centre ,Primrose ,23 Primrose Square,E9 7TS ,City & Hackney MH,Community Rehabilitation Team/ELFT Recovery College/Autism and ADHD Assessment Clinics,LEASEHOLD,2021-04-14 00:00:00,2028-04-10 00:00:00,Yes,,4,535.0,525.0,10.0,0.0,0.0535
Green Lane , N4 2NU, UK,John Scott Health Centre - John Scott (2128),2128,City & Hackney,John Scott Health Centre,John Scott,Green Lane ,N4 2NU,Children and Specialist Services,CAMHS,LEASEHOLD,,2030-04-01 00:00:00,No,3 months notice,6,435.43,198.0,2.0,0.0,0.043543
15 Homerton Row, E9 6ED, UK,15 Homerton Row  - 15 Homerton Row (2129),2129,City & Hackney,15 Homerton Row ,15 Homerton Row,15 Homerton Row,E9 6ED,Children and Specialist Services,CAMHS,LEASEHOLD,2015-02-01 00:00:00,2025-02-01 00:00:00,Yes,,0.7,944.0,915.0,29.0,0.0,0.0944
30 Felstead St, E9 5LG, UK,30 Felstead St - 30 Felstead St (2130),2130,City & Hackney,30 Felstead St,30 Felstead St,30 Felstead St,E9 5LG,City & Hackney MH,MHCOP and Dementia Service,LEASEHOLD,2010-06-09 00:00:00,2134-06-08 00:00:00,No,,2133,729.0,688.0,41.0,0.0,0.0729
Nuttall St, N1 5LZ, UK,St Leonard's Hospital - St Leonard's Hospital 2nd Floor Block B (2248),2248,City & Hackney,St Leonard's Hospital,St Leonard's Hospital 2nd Floor Block B,Nuttall St,N1 5LZ,City & Hackney MH,Integrated LD Team office base,LEASEHOLD,2019-04-01 00:00:00,2029-04-01 00:00:00,No,3 months notice,5,122.57,122.57,0.0,0.0,0.012256999999999999
26 Shore Road , E9 7TA, UK,26 Shore Road  - Shore Road (2132),2132,City & Hackney,26 Shore Road ,Shore Road,26 Shore Road ,E9 7TA,Forensics,Changing Lanes/IIRMS/ELFOS/SCFT,LEASEHOLD,2023-06-23 00:00:00,2028-06-23 00:00:00,Yes,,4,240.0,240.0,0.0,0.0,0.024
19 Tudor Road, E9 7SN, UK,The Greenhouse Medical Centre - The Greenhouse (Part of Ground Floor)  (2210),2210,City & Hackney,The Greenhouse Medical Centre,The Greenhouse (Part of Ground Floor) ,19 Tudor Road,E9 7SN,Primary Care/IG ,Clinical Teams,LEASEHOLD,2022-12-03 00:00:00,2027-11-29 00:00:00,No,3 months notice,3,307.822,,,0.0,0.0307822
301 Kingsland Road , E8 4DS, UK,Unit 6, 7 & 8 Kings Wharf - Unit 6, 7&8 Kings Wharf (2160),2160,Trust Wide,Unit 6, 7 & 8 Kings Wharf,Unit 6, 7&8 Kings Wharf,301 Kingsland Road ,E8 4DS,Corporate,MAPA Training,LEASEHOLD,2021-09-25 00:00:00,2026-09-25 00:00:00,Yes,6 Months,2,100.0,0.0,100.0,0.0,0.01
Newham Centre for Mental Health, Glen Road, E13 8SP, UK,Newham Centre for Mental Health - Newham Centre for Mental Health  (2133),2133,Newham,Newham Centre for Mental Health,Newham Centre for Mental Health ,Newham Centre for Mental Health, Glen Road,E13 8SP,Newham Mental Health,Inpatient Unit,PFI ,2002-07-05 00:00:00,4th July 2037,No,,13,7411.0,7311.0,100.0,0.0,0.7411
Newham Centre for Mental Health, Glen Road, E13 8SP, UK,Newham Day/Academic Centre - Newham Day/Academic Centre (2134),2134,Newham,Newham Day/Academic Centre,Newham Day/Academic Centre,Newham Centre for Mental Health, Glen Road,E13 8SP,Newham Mental Health,Academic/Day Centre,PFI,2002-07-05 00:00:00,4th July 2037,No,,13,977.0,940.0,37.0,0.0,0.0977
Newham Centre for Mental Health, Glen Road, E13 8SP, UK,Coborn Adolescent Unit  - Coborn Adolescent Unit  (2135),2135,Newham,Coborn Adolescent Unit ,Coborn Adolescent Unit ,Newham Centre for Mental Health, Glen Road,E13 8SP,Children and Specialist Services,CAMHS/ Inpatient Unit,PFI,2002-07-05 00:00:00,4th July 2037,No,,13,2400.0,2384.0,16.0,0.0,0.24
Newham Centre for Mental Health, Glen Road, E13 8SP, UK,Newham University Hospital - Newham House 15 (2131),2131,Newham,Newham University Hospital,Newham House 15,Newham Centre for Mental Health, Glen Road,E13 8SP,Newham Mental Health,Perinatal Team,PERIODIC UNDOCUMENTED TENANCY,1905-07-10 00:00:00,No lease in place,No,,14,43.08,0.0,4308.0,0.0,0.004308
Shrewsbury Road , E7 8QR, UK,Passmore Edwards Building - Passmore Edwards (2136),2136,Newham,Passmore Edwards Building,Passmore Edwards,Shrewsbury Road ,E7 8QR,Newham Mental Health,CMHT NE / EIS / CCN,FREEHOLD,,,,,0,539.0,530.0,9.0,0.0,0.0539
103 First Avenue, E13 8AP, UK,First Avenue Resource Centre - First Avenue Day Hospital (2138),2138,Newham,First Avenue Resource Centre,First Avenue Day Hospital,103 First Avenue,E13 8AP,Newham Mental Health,MHCOP,FREEHOLD,,,,,0,950.0,250.0,12.0,0.0,0.095
411 Barking Road , E13 8AL, UK,York House - York House (2140),2140,Newham,York House,York House,411 Barking Road ,E13 8AL,Children and Specialist Services,NEWHAM Crisis/HTT - Team Base,LEASEHOLD,2019-06-26 00:00:00,2029-06-25 00:00:00,Yes,,5,1073.0,1017.0,56.0,0.0,0.1073
385 Barking Road , E13 8AL, UK,385 Barking Road - 385 Barking Road (2141),2141,Newham,385 Barking Road,385 Barking Road,385 Barking Road ,E13 8AL,Children and Specialist Services,Home Treatment Team - Team base,LEASEHOLD,2008-02-12 00:00:00,2028-02-11 00:00:00,Yes,,4,156.0,150.0,6.0,0.0,0.0156
409 Stratford High St , E15 4QZ, UK,409 Stratford High St  - 409 Stratford High St  (2142),2142,Newham,409 Stratford High St ,409 Stratford High St ,409 Stratford High St ,E15 4QZ,Newham Mental Health,PTS,LEASEHOLD,1923-06-24 00:00:00,Lease negotiation period extended to 31st January 2025,Yes,,0,408.0,396.0,12.0,0.0,0.0408
115 Balaam St , E13 8AF, UK,115 Balaam St - 115 Balaam St (2143),2143,Newham,115 Balaam St,115 Balaam St,115 Balaam St ,E13 8AF,Newham Mental Health,PTS/Clozapine Clinic,FREEHOLD,,,,,0,198.0,185.0,5.0,0.0,0.0198
117 Balaam St , E13 8AF, UK,117 Balaam St - 117 Balaam St (2144),2144,Newham,117 Balaam St,117 Balaam St,117 Balaam St ,E13 8AF,Newham Mental Health, CIMHS S/ Mental Health Services,FREEHOLD,,,,,0,174.0,185.0,5.0,0.0,0.0174
119 Balaam St , E13 8AF, UK,119 Balaam St - 119 Balaam St (2145),2145,Newham,119 Balaam St,119 Balaam St,119 Balaam St ,E13 8AF,Newham Mental Health & Specialist Services,Team Base,FREEHOLD,,,,,0,157.0,185.0,5.0,0.0,0.0157
121 Balaam St , E13 8AF, UK,121 Balaam St - 121 Balaam St (2146),2146,Newham,121 Balaam St,121 Balaam St,121 Balaam St ,E13 8AF,Children and Specialist Services,IAPT,FREEHOLD,,,,,0,197.0,185.0,5.0,0.0,0.0197
63 Appleby Road , E16 1LQ, UK,Appleby Centre - Appleby Centre (2147),2147,Newham,Appleby Centre,Appleby Centre,63 Appleby Road ,E16 1LQ,Newham CHS / Kent Dental Foundation Trust / Newham Mental Health,Foot Health / CCNT / Kent Dental / Early Intervention in Psychosis Service (EIPS) alongside CHN services,FREEHOLD,,,,,0,1431.0,1372.0,59.0,0.0,0.1431
478 Barking Road , E6 2LT, UK,Joyce Campbell  - Joyce Campbell  (2148),2148,Newham,Joyce Campbell ,Joyce Campbell ,478 Barking Road ,E6 2LT,Children and Specialist Services,SCYPS,FREEHOLD,,,,,0,238.0,228.0,10.0,0.0,0.0238
494 Katherine Road , E7 8DP, UK,Katherine Road - 494 Katherine Road (2149),2149,Newham,Katherine Road,494 Katherine Road,494 Katherine Road ,E7 8DP,Children and Specialist Services,IAPT,FREEHOLD,,,,,0,335.0,328.0,7.0,0.0,0.0335
19 - 21 High St South , E6 6EN, UK,19 - 21 High St South - 19 - 21 High St South (2150),2150,Newham,19 - 21 High St South,19 - 21 High St South,19 - 21 High St South ,E6 6EN,Childrens and Specialist Services,Sickle Cell & Thalasaemia team base,LEASEHOLD,2013-04-01 00:00:00,2028-03-31 00:00:00,Yes,,4,211.0,211.0,0.0,0.0,0.0211
29 Romford Road , E15 4LY, UK,29 Romford Road - 29 Romford Road (2151),2151,Newham,29 Romford Road,29 Romford Road,29 Romford Road ,E15 4LY,Newham CHS,MSK , LD Services, Cardiac Rehab, Continence and Pelvic Rehab,LEASEHOLD,2022-01-10 00:00:00,2027-01-09 00:00:00,Yes,,3,789.0,733.0,21.0,0.0,0.0789
7-9 Edith Road , E6 1DE, UK,7-9 Edith Road  - 7-9 Edith Road (2243),2243,Newham,7-9 Edith Road ,7-9 Edith Road,7-9 Edith Road ,E6 1DE,CORPORATE - Estates,two adjacent small houses let to Housing Association to provide homes for life for former patients with mental health problems ,FREEHOLD,,2029 * lease end,Yes,,0,145.0,,,0.0,0.0145
29-31 Edith Road , E6 1DE, UK,29-31 Edith Road  - 29-31 Edith Road (2244),2244,Newham,29-31 Edith Road ,29-31 Edith Road,29-31 Edith Road ,E6 1DE,CORPORATE - Estates,two adjacent small houses let to Housing Association to provide homes for life for former patients with mental health problems ,FREEHOLD,,2029 * lease end,Yes,,0,145.0,,,0.0,0.0145
Royal Wharf, N Woolwich Rd, E16 2TH, UK,E16 Health - Pontoon Dock - Pontoon Docks (nan),,Newham,E16 Health - Pontoon Dock,Pontoon Docks,Royal Wharf, N Woolwich Rd,E16 2TH,ELFT 50% Stakeholder (ELFT do not occupy the building),,JOINT VENTURE (50% share with LBN),,,,,,1164.0,,,,0.1164
12 Kenworthy Road, E9 5TD, UK,John Howard Centre  - John Howard Centre  (2156),2156,Forensics,John Howard Centre ,John Howard Centre ,12 Kenworthy Road,E9 5TD,FORENSIC ,Inpatient Facility ,FREEHOLD,,,,,0,13052.0,,,0.0,1.3052
12 Kenworthy Road, E9 5TD, UK,John Warburton Building  - John Warburton Building  (2154b),2154b,Forensics,John Warburton Building ,John Warburton Building ,12 Kenworthy Road,E9 5TD,FORENSIC ,Inpatient Facility ,FREEHOLD,,,,,0,4404.0,4320.0,84.0,0.0,0.4404
12 Kenworthy Road, E9 5TD, UK,Whitbread Building - Whitbread Building (2153c),2153c,Forensics,Whitbread Building,Whitbread Building,12 Kenworthy Road,E9 5TD,FORENSIC ,Inpatient Facility ,FREEHOLD,,,,,0,2610.0,2471.0,29.0,0.0,0.261
12 Kenworthy Road, E9 5TD, UK,Elizabeth Fry Building - Elizabeth Fry Building (2154a),2154a,Forensics,Elizabeth Fry Building,Elizabeth Fry Building,12 Kenworthy Road,E9 5TD,FORENSIC ,Inpatient Facility ,FREEHOLD,,,,,0,2192.0,2153.0,39.0,0.0,0.2192
12 Kenworthy Road, E9 5TD, UK,Beaumont Building - Beaumont Building (2155),2155,Forensics,Beaumont Building,Beaumont Building,12 Kenworthy Road,E9 5TD,FORENSIC ,Inpatient Facility ,FREEHOLD,,,,,0,1076.0,0.0,1076.0,0.0,0.1076
12 Kenworthy Road, E9 5TD, UK,Main Reception  - Main Reception  (2156),2156,Forensics,Main Reception ,Main Reception ,12 Kenworthy Road,E9 5TD,FORENSIC Reception,Team Base,FREEHOLD,,,,,0,380.0,380.0,0.0,0.0,0.038
12 Kenworthy Road, E9 5TD, UK,Millfields Unit - Millfields Unit (2157a),2157a,Forensics,Millfields Unit,Millfields Unit,12 Kenworthy Road,E9 5TD,FORENSIC,Inpatient Facility ,FREEHOLD,,,,,0,2670.0,2474.0,26.0,0.0,0.267
311-315 Green Lanes , N4 2ES, UK,Wolfson House - Wolfson House (2158),2158,Forensics,Wolfson House,Wolfson House,311-315 Green Lanes ,N4 2ES,FORENSIC,Recovery Unit,FREEHOLD,,,,,0,5000.0,4935.0,65.0,0.0,0.5
9 Alie St , E1 8DE , UK,Alie St - Alie St (2159),2159,Trust Wide,Alie St,Alie St,9 Alie St ,E1 8DE ,CORPORATE - Estates / Staffside Unions / HR / Finance / Exec,Team Base,FREEHOLD,,,,,0,3865.0,0.0,3865.0,0.0,0.3865
Unit 10H Britannia Estate, Leagrave Road, LU3 1RJ, UK,Unit 10H Brittania Ind Estate  - Unit 10H Brittania Industrial Estate (2253),2253,Trust Wide,Unit 10H Brittania Ind Estate ,Unit 10H Brittania Industrial Estate,Unit 10H Britannia Estate, Leagrave Road,LU3 1RJ,Procurement,PPE storage facility,LEASEHOLD,2023-03-20 00:00:00,2028-03-19 00:00:00,No,6 months,4,324.33,0.0,0.0,0.0,0.032433
 84 West Ham Lane , E15 4PT , UK,West Ham Lane Health Centre  - West Ham Lane (2166),2166,CH Newham,West Ham Lane Health Centre ,West Ham Lane, 84 West Ham Lane ,E15 4PT ,Children and Specialist Services,SCYPS,LEASEHOLD,2019-04-01 00:00:00,2029-04-01 00:00:00,No,3 months notice,5,1044.11,929.0,24.0,0.0,0.10441099999999999
30 Church Road, E12 6AQ , UK,The Centre Manor Park  - Centre Manor Park (2167),2167,CH Newham,The Centre Manor Park ,Centre Manor Park,30 Church Road,E12 6AQ ,CH Newham/Primary Care,Clinical Teams/Team Base,UNDER LEASE PLUS AGREEMENT (ULPA),2018-08-14 00:00:00,2034-08-14 00:00:00,No,3 months notice,10,538.0,512.0,26.0,0.0,0.0538
306 Shrewsbury Road , E7 8QP , UK,Shrewsbury Health Centre  - Shrewsbury Road (2168),2168,CH Newham,Shrewsbury Health Centre ,Shrewsbury Road,306 Shrewsbury Road ,E7 8QP ,Childrens and Specialist Services/CH Newham,Adult Community Services/Foot Health/SCYPS/Newham Integrated Discharge Hub (IDH) & MSK Single Point Of Access (SPA),Tenancy at Will,2019-04-01 00:00:00,2029-04-01 00:00:00,No,3 months notice,5,804.92,915.0,22.0,0.0,0.080492
10 Vicarage Lane , E15 4ES, UK,Vicarage Lane  - Vicarage Lane  (2137),2137,CH Newham,Vicarage Lane ,Vicarage Lane ,10 Vicarage Lane ,E15 4ES,Childrens and Specialist Services/CHN Newham/Primary Care,IAPT/Adult Community Services/GP Transitional,UNDER LEASE PLUS AGREEMENT (ULPA),4th December 2017,4th December 2033,No,3 months notice,9,1239.0,61.0,1178.0,0.0,0.1239
Shrewsbury Road , E7 8QP , UK,East Ham Care Centre  - East Ham Care Centre (2171),2171,CH Newham,East Ham Care Centre ,East Ham Care Centre,Shrewsbury Road ,E7 8QP ,MHCOP/Continence/Day Hospital,IP wards (Fothergill; Sally Sherman), Continence and Pelvic Rehabilitation Service,UNDER LEASE PLUS AGREEMENT (ULPA),3rd January 2017,14th October 2031,No,3 months notice,9,6676.0,6496.0,180.0,0.0,0.6676
Shrewsbury Road , E7 8QR, UK,East Ham Memorial Hospital  - East Ham Memorial Building (2172),2172,CH Newham,East Ham Memorial Hospital ,East Ham Memorial Building,Shrewsbury Road ,E7 8QR,Newham MH,ABT Service/clinical team base,LEASEHOLD,,,No,,5,426.68,307.0,19.0,0.0,0.042668
121 Woodgrange Road , E7 0EP , UK,Lord Lister Health Centre  - Lord Lister  (2165),2165,CH Newham,Lord Lister Health Centre ,Lord Lister ,121 Woodgrange Road ,E7 0EP ,Childrens and Specialist Services/CH Newham,SCYPS/LD Autism Service,MoTo,2021-11-01 00:00:00,2029-01-11 00:00:00,No,3 months notice,5,276.22,,,0.0,0.027622000000000004
Alma St, LU1 2PJ, UK,Charter House  - Charter House (2173),2173,Luton,Charter House ,Charter House,Alma St,LU1 2PJ,Childrens and Specialist Services/Corporate/Trust HQ/Bedfordshire & Luton MH/ Quality & Performance ,CAMHS/Finance/Digital/E & F/ EIS/ HR/ Performance/Safeguarding/Exec/Pshycology/ RSI Team/ Clozepine Clinic/ CMHT ,LH - Assigned Lease,1905-07-10 00:00:00,29th Mar 2027,Yes,,3,2702.5,2593.0,110.0,0.0,0.27025
Alma St, LU1 2PJ, UK,Car Parking & Premises at Alma St - Charter House (nan),,Luton,Car Parking & Premises at Alma St,Charter House,Alma St,LU1 2PJ,Luton Mental Health,-,LH - Assigned Lease,m/a,,Yes,,3,0.0,0.0,0.0,0.0,0.0
Lewsey Rd, Luton , LU4 0DZ, UK, The L&D Hospital, Lewsey Rd, Luton LU4 0DZ - A&E Department (2175),2175,Luton, The L&D Hospital, Lewsey Rd, Luton LU4 0DZ,A&E Department,Lewsey Rd, Luton ,LU4 0DZ,Luton Mental Health, PLS (Pshyciatric Liaison Service),Informal arrangement,,,No,,0,20.0,,,,0.002
Calnwood Road, LU4 0FB, UK,(Calnwood Court) Luton & Central Beds - Crystal Ward  - Calnwood Court (2176e),2176e,Luton,(Calnwood Court) Luton & Central Beds - Crystal Ward ,Calnwood Court,Calnwood Road,LU4 0FB,Luton Mental Health,Inpatient,FREEHOLD,2nd February 2011,,,,0,741.46,707.0,34.0,0.0,0.074146
Calnwood Road, LU4 0FB, UK,Robin Pinto Unit  - Calnwood Court (2176a),2176a,Luton,Robin Pinto Unit ,Calnwood Court,Calnwood Road,LU4 0FB,Luton Mental Health/Corporate ,MH Law/ OT (EPUT) / Medical Education / Pshyciatrists,FREEHOLD,2nd February 2011,,,,0,799.0,707.0,34.0,0.0,0.0799
Calnwood Road, LU4 0FB, UK,(Calnwood Court) Luton & Central Beds - CAMHS Evergeen - Calnwood Court (2176d),2176d,Luton,(Calnwood Court) Luton & Central Beds - CAMHS Evergeen,Calnwood Court,Calnwood Road,LU4 0FB,Children's and Specialist Services,CAMHS Evergreen Inpatient,FREEHOLD,2nd February 2011,,,,0,615.06,605.0,10.0,0.0,0.06150599999999999
Calnwood Road, LU4 0FB, UK,Luton & Central MH - Sports Hall  - Calnwood Court (2176a),2176a,Luton,Luton & Central MH - Sports Hall ,Calnwood Court,Calnwood Road,LU4 0FB,Luton Mental Health / Gym and Sports Hall leased to EPUT ,EPUT,FREEHOLD,,,,,0,464.2,464.0,0.0,0.0,0.046419999999999996
Calnwood Road, LU4 0FB, UK,Luton & Central MH Inpatient Unit 2 -  Onyx Ward - Calnwood Court (2176c),2176c,Luton,Luton & Central MH Inpatient Unit 2 -  Onyx Ward,Calnwood Court,Calnwood Road,LU4 0FB,Luton Mental Health,Inpatient ,FREEHOLD,,,,,0,765.14,751.0,14.0,0.0,0.076514
Calnwood Road, LU4 0FB, UK,Luton & Central MH Outpatient Unit 2 - ECT Suite and Pharmacy - Calnwood Court (2176b),2176b,Luton,Luton & Central MH Outpatient Unit 2 - ECT Suite and Pharmacy,Calnwood Court,Calnwood Road,LU4 0FB,Luton Mental Health,ECT/Pharmacy/Deputy Borough Director Offices,FREEHOLD,,,,,0,235.96,201.0,35.0,0.0,0.023596000000000002
Calnwood Road, LU4 0DZ, UK,Luton & Central MH - Coral Ward  - Calnwood Court (2176f),2176f,Luton,Luton & Central MH - Coral Ward ,Calnwood Court,Calnwood Road,LU4 0DZ,Luton Mental Health,Inpatient,FREEHOLD,,,,,0,1693.76,1494.0,200.0,0.0,0.169376
Calnwood Road, LU4 0DZ, UK,Luton & Central MH - Jade Ward/PICU Inpatient Unit 3 - Calnwood Court (2176g),2176g,Luton,Luton & Central MH - Jade Ward/PICU Inpatient Unit 3,Calnwood Court,Calnwood Road,LU4 0DZ,Luton Mental Health,Inpatient ,FREEHOLD,,,,,0,,,,0.0,0.0
Calnwood Road, LU4 0DZ, UK,Luton & Central MH - Section 136 & Seclusion Room Unit Inpatient Unit 3 - Calnwood Court (nan),,Luton,Luton & Central MH - Section 136 & Seclusion Room Unit Inpatient Unit 3,Calnwood Court,Calnwood Road,LU4 0DZ,Luton Mental Health,Inpatient,FREEHOLD,,,,,0,,,,0.0,0.0
Angel Close, LU4 9WT, UK,Oakley Court  - Oakley Court (2177),2177,Luton,Oakley Court ,Oakley Court,Angel Close,LU4 9WT,Bedford Mental Health,Inpatient - ASH/WILLOW WARD ,LEASEHOLD,2023-11-28 00:00:00,2025-11-28 00:00:00,Yes,6 months,1,1397.0,1341.0,56.0,0.0,0.1397
Tenth Avenue , LU3 3EP, UK,Sundon Park Health Centre - Sundon Park (2259),2259,Luton,Sundon Park Health Centre,Sundon Park,Tenth Avenue ,LU3 3EP,Bedford CHS,Podiatry,LEASEHOLD,2022-02-18 00:00:00,2032-02-18 00:00:00,No,3 months notice,8,70.0,,,0.0,0.007
St George's Square, LU1 2NG, UK,Luton Central Library - Luton Central Library (2264),2264,Luton,Luton Central Library,Luton Central Library,St George's Square,LU1 2NG,Luton Mental Health,Team Base / Luton Recovery College,LEASEHOLD,1st April 2020,2027-04-01 00:00:00,No,3 months notice,3,92.0,,,0.0,0.0092
Buxton Road, LU1 1SD, UK,Luton Police Station - Luton Police Station (nan),,Luton,Luton Police Station,Luton Police Station,Buxton Road,LU1 1SD,Luton Mental Health,Court Liaison & Diversion Team Base,PERIODIC UNDOCUMENTED TENANCY,2020-04-01 00:00:00,2025-04-01 00:00:00,No,1 month,1,15.0,0.0,15.0,0.0,0.0015
57 Oliver Street, MK45 2SB, UK,Ampthill Health Centre - Ampthill Health Centre (2214),2214,Central Bedfordshire,Ampthill Health Centre,Ampthill Health Centre,57 Oliver Street,MK45 2SB,Bedford CHS, PCH Mid Nursing,  Specialist Nursing, Specialist Palliative Care, Heart Failure,LEASEHOLD,2018-04-01 00:00:00,2028-03-31 00:00:00,No,3 months notice,4,149.53,,,0.0,0.014953
Saffron Road , SG18 8DJ, UK,Biggleswade Health Centre - Biggleswade Health Centre (2215),2215,Central Bedfordshire,Biggleswade Health Centre,Biggleswade Health Centre,Saffron Road ,SG18 8DJ,Bedford CHS,PCH Mid Nursing, Specialist Nursing, Specialist Palliative Care,LEASEHOLD,2018-04-01 00:00:00,2028-03-31 00:00:00,No,3 months notice,4,169.87,,,0.0,0.016987000000000002
Potton Road, SG18 0EL, UK,Biggleswade Hospital - (Halsey Ward) - Biggleswade Hospital (Halsey Ward) (2183b),2183b,Central Bedfordshire,Biggleswade Hospital - (Halsey Ward),Biggleswade Hospital (Halsey Ward),Potton Road,SG18 0EL,Bedfordshire Mental Health,CMHT,LEASEHOLD,,Implied Deemed Agreement,No,3 months notice,5,146.0,0.0,0.0,0.0,0.0146
3 Kimbolton Road , MK40 2NT, UK,Bedford Health Village - Enhanced Services Centre (main Lease) (2246),2246,Central Bedfordshire,Bedford Health Village,Enhanced Services Centre (main Lease),3 Kimbolton Road ,MK40 2NT,Bedford CHS,Podiatry, Specialist Nursing, Continence, Heart Failure, Tissue Viability ,UNDER LEASE PLUS AGREEMENT (ULPA),2018-04-11 00:00:00,2034-11-28 00:00:00,No,3 months notice,11,2343.0,,,0.0,0.2343
Kempston Road , MK42 9DJ , UK,Bedford Hospital - Omberseley House - Part of Ground Floor, Omberseley House (Portacabin) (2216b),2216b,Central Bedfordshire,Bedford Hospital - Omberseley House,Part of Ground Floor, Omberseley House (Portacabin),Kempston Road ,MK42 9DJ ,Bedford Mental Health,PLS Team base / Bedford Crisis Pathway,LICENCE ,2023-06-19 00:00:00,2028-03-31 00:00:00,No,3 months notice,4,67.0,,,0.0,0.0067
The Highlands , MK45 1DZ, UK,Flitwick Health Centre - Flitwick Health Centre (2218),2218,Central Bedfordshire,Flitwick Health Centre,Flitwick Health Centre,The Highlands ,MK45 1DZ,Bedford CHS,Podiatry, Continence, Heart Failure, Specialist Palliative Care,LEASEHOLD,2018-04-01 00:00:00,2028-03-31 00:00:00,No,3 months notice,4,375.48,,,0.0,0.037548000000000005
3 Kimbolton Road , MK40 2NX, UK,Florence Ball House - Bedford Health Village (Main Lease) (2189),2189,Bedfordshire,Florence Ball House,Bedford Health Village (Main Lease),3 Kimbolton Road ,MK40 2NX,Bedford Mental Health,Bedford CMHT,LEASEHOLD,2022-03-31 00:00:00,2032-03-30 00:00:00,No,3 months notice,8,1052.0,,,0.0,0.1052
3 Kimbolton Road , MK40 2NX, UK,Florence Ball House - Bedford Health Village (peppercorn)  (2189),2189,Bedfordshire,Florence Ball House,Bedford Health Village (peppercorn) ,3 Kimbolton Road ,MK40 2NX,Luton Mental Health,Bedford CMHT,LEASEHOLD,,,No,3 months notice,6,154.48,,,0.0,0.015447999999999998
3 Kimbolton Road , MK40 2NT, UK,John Bunyan House (Part Ground Floor only) - John Bunyan House  (2220),2220,Bedfordshire,John Bunyan House (Part Ground Floor only),John Bunyan House ,3 Kimbolton Road ,MK40 2NT,Bedford Mental Health,MMHS / Perinatal and Mental Health OCEAN services,LEASEHOLD,2018-04-01 00:00:00,2028-03-31 00:00:00,No,3 months notice,4,205.39,,,0.0,0.020538999999999998
Halsey Road, Kempston, MK42 8AU, UK,Kempston Clinic - Kempston Clinic (2221),2221,Bedfordshire,Kempston Clinic,Kempston Clinic,Halsey Road, Kempston,MK42 8AU,Bedford CHS,Podiatry, Chronic Fatigue, Health Psychology,LEASEHOLD,2018-04-01 00:00:00,2028-03-31 00:00:00,No,3 months notice,4,445.61,,,0.0,0.044561
25 Bassett Road , LU7 1AR, UK,Leighton Buzzard Health Centre - Leighton Buzzard Health Centre (2222),2222,Central Bedfordshire,Leighton Buzzard Health Centre,Leighton Buzzard Health Centre,25 Bassett Road ,LU7 1AR,Bedford CHS,Podiatry, Continence, Heart Failure, Specialist Nursing,LEASEHOLD,1st April 2018,2028-03-31 00:00:00,No,3 months notice,4,295.18,,,0.0,0.029518
Friars Walk , LU6 3JA, UK,Queensborough House - Queensborough House (2228),2228,Central Bedfordshire,Queensborough House,Queensborough House,Friars Walk ,LU6 3JA,Bedford CHS,SPOA, Admin & Management, Clinical Advisors,LEASEHOLD,,2026-09-29 00:00:00,No,3 months notice,2,509.16,,509.16,0.0,0.050916
Robert Lucas Drive , SG17 5FS, UK,Shefford Health Centre - Shefford Health Centre (nan),,Central Bedfordshire,Shefford Health Centre,Shefford Health Centre,Robert Lucas Drive ,SG17 5FS,Bedford CHS, Podiatry, PCH Mid Nursing, MCH Mid Therapy, Specialist Nursing, Continence, Heart Failure, Specialist Palliative Care, Tissue Viability,LEASEHOLD,,2035,No,3 months notice,11,631.01,,,0.0,0.063101
Froghall Road, Steppingley, MK45 1AB, UK,Steppingley Hospital Admin Block - Steppingley Hospital  (2252a),2252a,Central Bedfordshire,Steppingley Hospital Admin Block,Steppingley Hospital ,Froghall Road, Steppingley,MK45 1AB,Bedford CHS,Specialist Nursing,LEASEHOLD,2018-04-01 00:00:00,2028-03-31 00:00:00,No,3 months notice,4,44.44,,,0.0,0.004444
Froghall Road, Steppingley, MK45 1AB, UK,Steppingley Hospital Verandah Block - Steppingley Hospital  (2252d),2252d,Central Bedfordshire,Steppingley Hospital Verandah Block,Steppingley Hospital ,Froghall Road, Steppingley,MK45 1AB,Bedford CHS,Weelchair Services Team Base,LEASEHOLD,2018-04-01 00:00:00,2028-03-31 00:00:00,No,3 months notice,4,276.98,,,0.0,0.027698
Froghall Road, Steppingley, MK45 1AB, UK,Steppingley Hospital, Thornton/Russell Ward  - Steppingley Hospital  (2252b),2252b,Central Bedfordshire,Steppingley Hospital, Thornton/Russell Ward ,Steppingley Hospital ,Froghall Road, Steppingley,MK45 1AB,Bedford CHS,Wheelchair Services & Management,LEASEHOLD,,Implied Deemed Agreement,No,3 months notice,5,103.28,,,0.0,0.010328
Froghall Road, Steppingley, MK45 1AB, UK,Steppingley Hospital, Meadow Lodge - Steppingley Hospital  (2252e),2252e,Central Bedfordshire,Steppingley Hospital, Meadow Lodge,Steppingley Hospital ,Froghall Road, Steppingley,MK45 1AB,Bedfordshire Mental Health,CMHT ,LEASEHOLD,,Implied Deemed Agreement,No,3 months notice,5,186.35,,,0.0,0.018635
Froghall Road, Steppingley, MK45 1AB, UK,Steppingley Hospital, Orchard Ward - Steppingley Hospital  (2252c),2252c,Central Bedfordshire,Steppingley Hospital, Orchard Ward,Steppingley Hospital ,Froghall Road, Steppingley,MK45 1AB,Bedford CHS,Specialist Nursing,LEASEHOLD,2018-04-01 00:00:00,2028-03-31 00:00:00,No,3 months notice,4,209.35,,,0.0,0.020935
Froghall Road, Steppingley, MK45 1AB, UK,Steppingley Hospital, Porters Store (WCS Stores) - Steppingley Hospital  (2252f),2252f,Central Bedfordshire,Steppingley Hospital, Porters Store (WCS Stores),Steppingley Hospital ,Froghall Road, Steppingley,MK45 1AB,Bedford CHS,WCS Stores,LEASEHOLD,2018-04-01 00:00:00,2028-03-31 00:00:00,No,3 months notice,4,24.61,,,0.0,0.002461
Wigmore Lane , LU2 8BG, UK,Wigmore Lane Health Centre - Part Ground Floor  - Wigmore Lane Health Centre (2232),2232,Bedfordshire,Wigmore Lane Health Centre - Part Ground Floor ,Wigmore Lane Health Centre,Wigmore Lane ,LU2 8BG,Bedford CHS,Podiatry & Continence,LEASEHOLD,2018-04-01 00:00:00,2028-03-31 00:00:00,No,3 months notice,4,127.91,,,0.0,0.012791
67 High St North , LU6 1JF, UK,67 High St - Ground Floor - 67 High St North (2179),2179,Central Bedfordshire,67 High St - Ground Floor,67 High St North,67 High St North ,LU6 1JF,Children and Specialist Services,CAMHS,LEASEHOLD,24th August 2023,2026-08-23 00:00:00,Yes,,2,350.0,342.0,28.0,0.0,0.035
29 Barford Avenue , MK42 0DS, UK,Barford Avenue - Barford Avenue (2180),2180,Bedfordshire,Barford Avenue,Barford Avenue,29 Barford Avenue ,MK42 0DS,Bedford Mental Health,MAPA ,LEASEHOLD - Currently on a TaW ,1st April 2015,31/03/2024 *renewal being negotiated,Yes,3 months notice,0,237.17,210.0,27.0,0.0,0.023717
5 Regent Street, LU6 1LP, UK,Beacon House - Currently closed - Beacon House (2181),2181,Central Bedfordshire,Beacon House - Currently closed,Beacon House,5 Regent Street,LU6 1LP,Luton Mental Health,Currently Closed. Former CMHT Team Base,FREEHOLD,3rd Februay 2011,,,,,464.46,446.0,18.0,0.0,0.046446
5 Beech Close, LU6 3SD, UK,Beech Close Resource Centre - Beech Close Resource Centre (2182),2182,Central Bedfordshire,Beech Close Resource Centre,Beech Close Resource Centre,5 Beech Close,LU6 3SD,Children and Specialist Services,CAMHS / SPLD,FREEHOLD,3rd February 2011,,,,0,552.27,516.0,36.0,0.0,0.055227
Beech Close Bungalows, LU6 3SD, UK,Beech Close Bungalows - 2&4 Beech Close (2251a),2251a,Central Bedfordshire,Beech Close Bungalows,2&4 Beech Close,Beech Close Bungalows,LU6 3SD,Luton Mental Health,Older Peoples / Dementia clinic for outpatients,LEASEHOLD,2021-01-17 00:00:00,2026-01-17 00:00:00,Yes,6 Months,2,562.0,,,0.0,0.0562
Spring House, SG18 0EL, UK,Biggleswade Hospital - Spring House - Biggleswade Hospital  (2183a),2183a,Central Bedfordshire,Biggleswade Hospital - Spring House,Biggleswade Hospital ,Spring House,SG18 0EL,Bedfordshire Mental Health,CMHT,LEASEHOLD,1905-07-05 00:00:00,2030,No,,6,236.3,101.0,0.0,0.0,0.02363
Woburn Road, MK43 9AX, UK,Bedfordshire Police Station - Bedfordshire Police Station, Woburn Road (nan),,Bedfordshire,Bedfordshire Police Station,Bedfordshire Police Station, Woburn Road,Woburn Road,MK43 9AX,Bedfordshire Mental Health,Court Liaison & Diversion Team Base,LEASEHOLD,2020-07-01 00:00:00,2025-07-01 00:00:00,No,,1,12.0,0.0,0.0,0.0,0.0012
3 Kimbolton Road , MK40 2NT, UK,Cedar House - Inpatient Unit - Cedar House (2184),2184,Bedfordshire,Cedar House - Inpatient Unit,Cedar House,3 Kimbolton Road ,MK40 2NT,Bedfordshire Mental Health,Inpatient - Medium to long term mental health rehabilitation units (Length of stay: 12+ Months),LEASEHOLD,1st April 2010,31st March 2030,No,3 months notice,6,1073.73,906.0,168.0,0.0,0.107373
36 Hockliffe Street , LU7 1HJ, UK,Crombie House - Crombie House (2185),2185,Central Bedfordshire,Crombie House,Crombie House,36 Hockliffe Street ,LU7 1HJ,Bedfordshire Mental Health,Leighton Buzzard Community Mental Health Team,FREEHOLD,3rd February 2011,,No,,0,367.64,349.0,19.0,0.0,0.036764
Kimbolton Road, MK40 2NU, UK,Gilbert Hitchcock House - Part 1st & Second Floors - Gilbert Hitchcock House (2213),2213,Bedfordshire,Gilbert Hitchcock House - Part 1st & Second Floors,Gilbert Hitchcock House,Kimbolton Road,MK40 2NU,Children and Specialist Services,IAPT,LEASEHOLD,May.2016,2026-04-01 00:00:00,No,3 months notice,2,365.0,355.0,10.0,0.0,0.0365
3 Woburn Road, MK40 1EG, UK,Recovery College - 3 Woburn Road - Recovery College (2188),2188,Bedfordshire,Recovery College - 3 Woburn Road,Recovery College,3 Woburn Road,MK40 1EG,Bedfordshire Mental Health,Wellbeing & Recovery Service,LEASEHOLD - Currently on a TaW ,1st April 2015,31/03/2024 * Renewal being negotiated ,No,3 months notice,0,467.09,439.0,28.0,0.0,0.046709
3 Kimbolton Road , MK40 2NX, UK,Fountains Court (Peppercorn Lease) - Fountains Court (2190),2190,Bedfordshire,Fountains Court (Peppercorn Lease),Fountains Court,3 Kimbolton Road ,MK40 2NX,Bedfordshire Mental Health,Older People Inpatient Services,LEASEHOLD,1st April 2010,31st March 2030,No,,6,644.65,980.0,111.0,0.0,0.064465
18 Grove Place (Suite C,D & F), MK40 3LE, UK,18 Grove Place - Grove Place (2271),2271,Bedfordshire,18 Grove Place,Grove Place,18 Grove Place (Suite C,D & F),MK40 3LE,Childrens and Specialist Services,CAMHS,LEASEHOLD* Lease to be completed 14/04/25,2025-04-14 00:00:00,2030-04-14 00:00:00,Yes,3 months notice,5,190.61,0.0,0.0,0.0,0.019061
24 Grove Place , MK40 3LE, UK,24 Grove Place - Grove Place (nan),,Bedfordshire,24 Grove Place,Grove Place,24 Grove Place ,MK40 3LE,Childrens and Specialist Services,CAMHS,LH - Assigned Lease,30th September 2018,27th September 2028,Yes,,4,331.11,317.0,14.0,0.0,0.033111
Off Grove Place, MK40 3LE, UK,3 Rush Cout  - Grove Place (2192),2192,Bedfordshire,3 Rush Cout ,Grove Place,Off Grove Place,MK40 3LE,Childrens and Specialist Services,CAMHS,LEASEHOLD,2018-09-28 00:00:00,2028-09-27 00:00:00,Yes,,4,143.8,143.8,0.0,0.0,0.01438
Off Grove Place, MK42 3JT, UK,Rush Court 5-7 & 5-9 - Rush Court 5-7 & 5-9 (2193),2193,Bedfordshire,Rush Court 5-7 & 5-9,Rush Court 5-7 & 5-9,Off Grove Place,MK42 3JT,Childrens and Specialist Services,CAMHS,LEASEHOLD,2018-09-28 00:00:00,2028-09-27 00:00:00,Yes,,4,640.56,621.0,20.0,0.0,0.06405599999999999
Rush Court, MK42 3JT, UK,Rush Court  - Rush Court  (nan),,Bedfordshire,Rush Court ,Rush Court ,Rush Court,MK42 3JT,Childrens and Specialist Services,,LEASEHOLD,,,Yes,,0,0.0,0.0,0.0,0.0,0.0
Mayer Way , LU5 5BF, UK,The Poplars - The Poplars (2195),2195,Central Bedfordshire,The Poplars,The Poplars,Mayer Way ,LU5 5BF,Luton Mental Health,Older Peoples - Inpatient,FREEHOLD,,,,,0,1037.55,918.0,120.0,0.0,0.103755
21 The Crescent, MK40 2RT, UK,21, The Crescent  - The Crescent  (2196),2196,Bedfordshire,21, The Crescent ,The Crescent ,21 The Crescent,MK40 2RT,Children and Specialist Services,P2R,LEASEHOLD,2021-08-17 00:00:00,2024-08-17 00:00:00,Yes,,0.1,400.0,383.0,17.0,0.0,0.04
The Baulk, SG18 0PT, UK,The Lawns - The Lawns (2198),2198,Central Bedfordshire,The Lawns,The Lawns,The Baulk,SG18 0PT,Bedfordshire Mental Health,Mid Beds Community Mental Health Team for Older People,FREEHOLD,1905-06-23 00:00:00,,,,0,488.21,480.0,8.0,0.0,0.048820999999999996
2 The Glades,Northampton Road, Bromham, Bedford, MK43 8HJ, UK,The Coppice - The Coppice, 2 The Glades (nan),,Bedfordshire,The Coppice,The Coppice, 2 The Glades,2 The Glades,Northampton Road, Bromham, Bedford,MK43 8HJ,Bedford Mental Health,Currently Closed. Inpatient Ward for people with learning disability ,FREEHOLD,9th September 2007,,,,0,250.0,16.0,,0.0,0.025
56 High St South, LU6 3HD, UK,Mountbatten House - Mountbatten House (2621),2621,Bedfordshire,Mountbatten House,Mountbatten House,56 High St South,LU6 3HD,Bedford CHS / Bedfordshire Mental Health ,Chronic Fatigue & Health Psychology / Eating Disorders & Complex Needs / Cancer Palliative Care,LEASEHOLD,13th October 2020,13th October 2027,No,,3,1108.0,,,0.0,0.1108
Mayer Way , LU5 5BF, UK,Townsend Court - Townsend Court (2199),2199,Central Bedfordshire,Townsend Court,Townsend Court,Mayer Way ,LU5 5BF,Bedfordshire Mental Health,Female Working Age Inpatient Services,FREEHOLD,,,,,0,1131.58,1095.0,37.0,0.0,0.113158
Twinwoods Health Resource Centre, Milton Road, Clapham, Bedford, MK41 6AT, UK,Twinwoods - The Lodge (2200e),2200e,Bedfordshire,Twinwoods,The Lodge,Twinwoods Health Resource Centre, Milton Road, Clapham, Bedford,MK41 6AT,Bedfordshire Mental Health / Digital / Corporate  ,E&F / Digital / IPC / Rydon Hard FM Office Base,FREEHOLD,1st April 2015,,,,0,2922.506489,2046.0,199.0,0.0,0.29225064889999997
Twinwoods Health Resource Centre, Milton Road, Clapham, Bedford, MK41 6AT, UK,Twinwoods - Admin Block (2200c),2200c,Bedfordshire,Twinwoods,Admin Block,Twinwoods Health Resource Centre, Milton Road, Clapham, Bedford,MK41 6AT,Bedfordshire Mental Health / Bedford CHS,Admin, Specialist Nursing, Warfarin/Phlebotomy, Management, PCH North Therapy,FREEHOLD,1st April 2015,,,,0,8819.401464999999,2046.0,199.0,0.0,0.8819401464999999
Twinwoods Health Resource Centre, Milton Road, Clapham, Bedford, MK41 6AT, UK,Twinwoods - Whitbread Centre  (2200g),2200g,Bedfordshire,Twinwoods,Whitbread Centre ,Twinwoods Health Resource Centre, Milton Road, Clapham, Bedford,MK41 6AT,Bedfordshire Mental Health,Bedford  older adults cmht / Crisis resolution / Memory assessment service,FREEHOLD,1st April 2015,,,,0,4270.254408,2046.0,199.0,0.0,0.4270254408
Twinwoods Health Resource Centre, Milton Road, Clapham, Bedford, MK41 6AT, UK,Twinwoods - Russell Centre  (2200b),2200b,Bedfordshire,Twinwoods,Russell Centre ,Twinwoods Health Resource Centre, Milton Road, Clapham, Bedford,MK41 6AT,Bedfordshire Mental Health,OCS office  / Digital comms room,FREEHOLD,1st April 2015,,,,0,2565.03737,2046.0,199.0,0.0,0.256503737
Twinwoods Health Resource Centre, Milton Road, Clapham, Bedford, MK41 6AT, UK,Twinwoods - Raymond Smith  (2200a),2200a,Bedfordshire,Twinwoods,Raymond Smith ,Twinwoods Health Resource Centre, Milton Road, Clapham, Bedford,MK41 6AT,Bedfordshire Mental Health,Health facilitation team / Transforming care team / IST – intensive support team / Occupational therapy / Occupational health – Thursdays,FREEHOLD,1st April 2015,,,,0,3499.451529,2046.0,199.0,0.0,0.3499451529
Twinwoods Health Resource Centre, Milton Road, Clapham, Bedford, MK41 6AT, UK,Twinwoods - Clinical Resource  (2200f),2200f,Bedfordshire,Twinwoods,Clinical Resource ,Twinwoods Health Resource Centre, Milton Road, Clapham, Bedford,MK41 6AT,Bedfordshire Mental Health,Art therapy / Physio / Autism service /  S.a.l.t (speech & language) / Sight & hearing /  Admin / Reception 
Health facilitation / Community psychiatrists / 
Occupational therapy / Psychology & positive behaviour,FREEHOLD,1st April 2015,,,,0,4179.299453,2046.0,199.0,0.0,0.41792994529999994
Twinwoods Health Resource Centre, Milton Road, Clapham, Bedford, MK41 6AT, UK,Twinwoods - Whitchurch Centre (2200d),2200d,Bedfordshire,Twinwoods,Whitchurch Centre ,Twinwoods Health Resource Centre, Milton Road, Clapham, Bedford,MK41 6AT,Bedford CHS,PCH North Nursing, PCH North Therapy, Specialist Nursing, Bedfordshire Mental Health and Wellbeing Service, Bedford Recovery Service, Specialist Services for People with a Learning Disability (Bedfordshire and Luton), Learning Disabilities Intensive Support Team - Bedfordshire, Early Intervention Service (Bedfordshire), Bedford Older People's CMHT,FREEHOLD,1st April 2015,,,,0,3500.5279189999997,2046.0,199.0,0.0,0.3500527919
Whichellos Wharf, The Elms, Stoke Road, Linslade, Leighton Buzzard , LU7 2TD, UK,Whichellos Wharf - Whichellos Wharf (2201),2201,Central Bedfordshire,Whichellos Wharf,Whichellos Wharf,Whichellos Wharf, The Elms, Stoke Road, Linslade, Leighton Buzzard ,LU7 2TD,Luton Mental Health / Children's and Specialist Services,Light House recovery service/IAPT/ CAMHS,FREEHOLD,12th March 1998,,,,0,563.8,536.0,28.0,0.0,0.05637999999999999
Whichellos Wharf, The Elms, Stoke Road, Linslade, Leighton Buzzard , LU7 2TD, UK,Whichellos Wharf Cottage - Whichellos Wharf Cottage (2239),2239,Central Bedfordshire,Whichellos Wharf Cottage,Whichellos Wharf Cottage,Whichellos Wharf, The Elms, Stoke Road, Linslade, Leighton Buzzard ,LU7 2TD,Storage facility for OCS,OCS Stores Room Facility,FREEHOLD,,,,,0,106.9,105.0,2.0,0.0,0.01069
18 Rothsay Road, MK40 3PN, UK,Kelvin Grove  - Kelvin Grove  (2238),2238,Bedfordshire,Kelvin Grove ,Kelvin Grove ,18 Rothsay Road,MK40 3PN,Homes for life - Places for People,Homes for life ,FREEHOLD,,,,,0,112.0,112.0,0.0,0.0,0.0112
Houghton Regis, Dunstable, LU5 5UB, UK,Roman Court - Roman Court (nan),,Bedfordshire,Roman Court,Roman Court,Houghton Regis, Dunstable,LU5 5UB,,,LEASEHOLD,1992-09-09 00:00:00,,,,,120.0,0.0,0.0,0.0,0.012
Grove View Integrated Health Hub, Court Drive, Dunstable, LU5 4JD, UK,Grove View - Grove View, Dunstable Hub  (2217),2217,Central Bedfordshire,Grove View,Grove View, Dunstable Hub ,Grove View Integrated Health Hub, Court Drive, Dunstable,LU5 4JD,Children's and specialist services / Bedford CHS / Luton Mental Health ,CAMHS / Community / P2R /  PCH South Nursing, PCH South Therapy, Continence, Phlebotomy, SLT, Heart Failure, Podiatry, Specialist Nursing, Tissue Viability,LEASEHOLD,2023-04-01 00:00:00,2026-04-01 00:00:00,No,6 Months,2,2087.0,2087.0,0.0,0.0,0.2087
385 Dunstable Rd, Maidenhall, Luton LU4 8BY, LU4 8BY, UK,Kingsway Health Centre - Kingsway Health Centre (2255),2255,GP,Kingsway Health Centre,Kingsway Health Centre,385 Dunstable Rd, Maidenhall, Luton LU4 8BY,LU4 8BY,Primary Care,GP APMS Contract,RENT AGREEMENT LETTER (RAL),2023-10-01 00:00:00,2028-10-01 00:00:00,No,6 months,4,682.0,682.0,0.0,0.0,0.0682
Lucas Gardens, Luton LU3 4BG, LU3 4BG, UK,Bramingham Park Medical Centre - Bramingham Park Medical Centre (2254),2254,GP,Bramingham Park Medical Centre,Bramingham Park Medical Centre,Lucas Gardens, Luton LU3 4BG,LU3 4BG,Primary Care,GP APMS Contract,LEASEHOLD,2023-10-01 00:00:00,2028-10-01 00:00:00,No,6 Months,4,770.0,770.0,0.0,0.0,0.077
nan, nan, UK,nan - nan (nan),,,,,,,,,,,,,,,167638.53063299996,,,,
,,,,,,,,,,,,,,,,,,,,
